<?xml version='1.0' encoding='utf-8' ?><?xml-stylesheet type='text/xsl' href='ExamCards.xsl' ?><UnitsExamCards><ExamCard><StudentCode>2049643</StudentCode><StudentName><![CDATA[卢宝强]]></StudentName><Sex>男</Sex><ExamCode>081587629</ExamCode><CertificateName>身份证</CertificateName><CertificateCode>210106197810244619</CertificateCode><ExamUnitName><![CDATA[大连广播电视大学]]></ExamUnitName><ExamUnitCode>210004</ExamUnitCode><Photo>photo\2d77159d-b751-4cb6-8646-1771e894aba0</Photo><ExamArrange><Arrange_CE><ExamSubject><SubjectName><![CDATA[大学英语A]]></SubjectName><ExamTime>2008年09月21日 10:00 - 11:30</ExamTime><RoomName><![CDATA[三号机房]]></RoomName><SeatNO>24</SeatNO><ExamSite><Address><![CDATA[大连市西岗区白云新村绕山路3-1号]]></Address><Busline><![CDATA[713、514、506、527、529、17路汽车到电视大学或白云新村下车]]></Busline><Tel><![CDATA[0411—84337097]]></Tel></ExamSite></ExamSubject><ExamSubject><SubjectName><![CDATA[计算机应用基础]]></SubjectName><ExamTime>2008年09月21日 12:30 - 14:00</ExamTime><RoomName><![CDATA[八号机房]]></RoomName><SeatNO>4</SeatNO><ExamSite><Address><![CDATA[大连市西岗区白云新村绕山路3-1号]]></Address><Busline><![CDATA[713、514、506、527、529、17路汽车到电视大学或白云新村下车]]></Busline><Tel><![CDATA[0411—84337097]]></Tel></ExamSite></ExamSubject></Arrange_CE></ExamArrange></ExamCard></UnitsExamCards>