

SELECT * FROM t_role ;
SELECT * FROM t_role_action ;
SELECT * FROM t_role_authority ;

select * from t_group;
select * from t_user;
select * from t_source;

update t_user set USER_NAME = 'CUS' WHERE USER_NAME = 'Tom' ;
DELETE FROM t_role_action  WHERE MENU_SEQ LIKE 'R%' ;
DELETE FROM t_role_authority WHERE MENU_SEQ LIKE 'R%' ;

--        t_role_action 

DELETE FROM t_role_action WHERE MENU_SEQ LIKE 'G%' OR MENU_SEQ LIKE 'M%' OR MENU_SEQ LIKE 'S%' ;

INSERT INTO t_role_action(MENU_SEQ, ROLE_ACTION_URL, ROLE_ACTION_NAME, DISPLAY_ORDER, PARENT_MENU_SEQ, UPDATE_STAFF_ID, INPUT_STAFF_ID, ACTIVE_FLAG, INPUT_DATE, UPDATE_DATE) 
    VALUES('S001', '(soldier.do)', '??', 1, NULL, 'INIT', 'INIT', 1, CURRENT_TIMESTAMP, CURRENT_TIMESTAMP) ;
INSERT INTO t_role_action(MENU_SEQ, ROLE_ACTION_URL, ROLE_ACTION_NAME, DISPLAY_ORDER, PARENT_MENU_SEQ, UPDATE_STAFF_ID, INPUT_STAFF_ID, ACTIVE_FLAG, INPUT_DATE, UPDATE_DATE) 
    VALUES('S00101', '(soldier_source_add.do)', '????', 1, 'S001', 'INIT', 'INIT', 1, CURRENT_TIMESTAMP, CURRENT_TIMESTAMP) ;
INSERT INTO t_role_action(MENU_SEQ, ROLE_ACTION_URL, ROLE_ACTION_NAME, DISPLAY_ORDER, PARENT_MENU_SEQ, UPDATE_STAFF_ID, INPUT_STAFF_ID, ACTIVE_FLAG, INPUT_DATE, UPDATE_DATE) 
    VALUES('S00102', '(soldier_source_update.do)', '????', 2, 'S001', 'INIT', 'INIT', 1, CURRENT_TIMESTAMP, CURRENT_TIMESTAMP) ;
INSERT INTO t_role_action(MENU_SEQ, ROLE_ACTION_URL, ROLE_ACTION_NAME, DISPLAY_ORDER, PARENT_MENU_SEQ, UPDATE_STAFF_ID, INPUT_STAFF_ID, ACTIVE_FLAG, INPUT_DATE, UPDATE_DATE) 
    VALUES('S00103', '(soldier_source_query.do)', '????', 3, 'S001', 'INIT', 'INIT', 1, CURRENT_TIMESTAMP, CURRENT_TIMESTAMP) ;
INSERT INTO t_role_action(MENU_SEQ, ROLE_ACTION_URL, ROLE_ACTION_NAME, DISPLAY_ORDER, PARENT_MENU_SEQ, UPDATE_STAFF_ID, INPUT_STAFF_ID, ACTIVE_FLAG, INPUT_DATE, UPDATE_DATE) 
    VALUES('S00104', '(soldier_source_approve.do)', '????', 4, 'S001', 'INIT', 'INIT', 1, CURRENT_TIMESTAMP, CURRENT_TIMESTAMP) ;
INSERT INTO t_role_action(MENU_SEQ, ROLE_ACTION_URL, ROLE_ACTION_NAME, DISPLAY_ORDER, PARENT_MENU_SEQ, UPDATE_STAFF_ID, INPUT_STAFF_ID, ACTIVE_FLAG, INPUT_DATE, UPDATE_DATE) 
    VALUES('S00105', '(soldier_add.do)', '????', 5, 'S001', 'INIT', 'INIT', 1, CURRENT_TIMESTAMP, CURRENT_TIMESTAMP) ;
INSERT INTO t_role_action(MENU_SEQ, ROLE_ACTION_URL, ROLE_ACTION_NAME, DISPLAY_ORDER, PARENT_MENU_SEQ, UPDATE_STAFF_ID, INPUT_STAFF_ID, ACTIVE_FLAG, INPUT_DATE, UPDATE_DATE) 
    VALUES('S00106', '(soldier_query.do)', '????', 6, 'S001', 'INIT', 'INIT', 1, CURRENT_TIMESTAMP, CURRENT_TIMESTAMP) ;




INSERT INTO t_role_action(MENU_SEQ, ROLE_ACTION_URL, ROLE_ACTION_NAME, DISPLAY_ORDER, PARENT_MENU_SEQ, UPDATE_STAFF_ID, INPUT_STAFF_ID, ACTIVE_FLAG, INPUT_DATE, UPDATE_DATE) 
    VALUES('M001', '(member.do)', '??', 2, NULL, 'INIT', 'INIT', 1, CURRENT_TIMESTAMP, CURRENT_TIMESTAMP) ;
INSERT INTO t_role_action(MENU_SEQ, ROLE_ACTION_URL, ROLE_ACTION_NAME, DISPLAY_ORDER, PARENT_MENU_SEQ, UPDATE_STAFF_ID, INPUT_STAFF_ID, ACTIVE_FLAG, INPUT_DATE, UPDATE_DATE) 
    VALUES('M00101', '(member_add.do)', '????', 1, 'M001', 'INIT', 'INIT', 1, CURRENT_TIMESTAMP, CURRENT_TIMESTAMP) ;
INSERT INTO t_role_action(MENU_SEQ, ROLE_ACTION_URL, ROLE_ACTION_NAME, DISPLAY_ORDER, PARENT_MENU_SEQ, UPDATE_STAFF_ID, INPUT_STAFF_ID, ACTIVE_FLAG, INPUT_DATE, UPDATE_DATE) 
    VALUES('M00102', '(member_update.do)', '????', 2, 'M001', 'INIT', 'INIT', 1, CURRENT_TIMESTAMP, CURRENT_TIMESTAMP) ;
INSERT INTO t_role_action(MENU_SEQ, ROLE_ACTION_URL, ROLE_ACTION_NAME, DISPLAY_ORDER, PARENT_MENU_SEQ, UPDATE_STAFF_ID, INPUT_STAFF_ID, ACTIVE_FLAG, INPUT_DATE, UPDATE_DATE) 
    VALUES('M00103', '(member_query.do)', '????', 3, 'M001', 'INIT', 'INIT', 1, CURRENT_TIMESTAMP, CURRENT_TIMESTAMP) ;


INSERT INTO t_role_action(MENU_SEQ, ROLE_ACTION_URL, ROLE_ACTION_NAME, DISPLAY_ORDER, PARENT_MENU_SEQ, UPDATE_STAFF_ID, INPUT_STAFF_ID, ACTIVE_FLAG, INPUT_DATE, UPDATE_DATE) 
    VALUES('G001', '(gem.do)', '??', 3, NULL, 'INIT', 'INIT', 1, CURRENT_TIMESTAMP, CURRENT_TIMESTAMP) ;
INSERT INTO t_role_action(MENU_SEQ, ROLE_ACTION_URL, ROLE_ACTION_NAME, DISPLAY_ORDER, PARENT_MENU_SEQ, UPDATE_STAFF_ID, INPUT_STAFF_ID, ACTIVE_FLAG, INPUT_DATE, UPDATE_DATE) 
    VALUES('G00101', '(gem_add.do)', '??????', 1, 'G001', 'INIT', 'INIT', 1, CURRENT_TIMESTAMP, CURRENT_TIMESTAMP) ;
INSERT INTO t_role_action(MENU_SEQ, ROLE_ACTION_URL, ROLE_ACTION_NAME, DISPLAY_ORDER, PARENT_MENU_SEQ, UPDATE_STAFF_ID, INPUT_STAFF_ID, ACTIVE_FLAG, INPUT_DATE, UPDATE_DATE) 
    VALUES('G00102', '(gem_update.do)', '??????', 2, 'G001', 'INIT', 'INIT', 1, CURRENT_TIMESTAMP, CURRENT_TIMESTAMP) ;
INSERT INTO t_role_action(MENU_SEQ, ROLE_ACTION_URL, ROLE_ACTION_NAME, DISPLAY_ORDER, PARENT_MENU_SEQ, UPDATE_STAFF_ID, INPUT_STAFF_ID, ACTIVE_FLAG, INPUT_DATE, UPDATE_DATE) 
    VALUES('G00103', '(gem_query.do)', '??????', 3, 'G001', 'INIT', 'INIT', 1, CURRENT_TIMESTAMP, CURRENT_TIMESTAMP) ;





-- t_role_authority

SELECT * FROM t_role_authority ;


INSERT INTO t_role_authority(ROLE_ID, MENU_SEQ, SELECTED_FLAG, UPDATE_STAFF_ID, INPUT_STAFF_ID, ACTIVE_FLAG, INPUT_DATE, UPDATE_DATE) 
    VALUES(1, 'S001', 1, 'INIT', 'INIT', 1, CURRENT_TIMESTAMP, CURRENT_TIMESTAMP) ;
INSERT INTO t_role_authority(ROLE_ID, MENU_SEQ, SELECTED_FLAG, UPDATE_STAFF_ID, INPUT_STAFF_ID, ACTIVE_FLAG, INPUT_DATE, UPDATE_DATE) 
    VALUES(1, 'S00101', 1, 'INIT', 'INIT', 1, CURRENT_TIMESTAMP, CURRENT_TIMESTAMP) ;
INSERT INTO t_role_authority(ROLE_ID, MENU_SEQ, SELECTED_FLAG, UPDATE_STAFF_ID, INPUT_STAFF_ID, ACTIVE_FLAG, INPUT_DATE, UPDATE_DATE) 
    VALUES(1, 'S00102', 1, 'INIT', 'INIT', 1, CURRENT_TIMESTAMP, CURRENT_TIMESTAMP) ;
INSERT INTO t_role_authority(ROLE_ID, MENU_SEQ, SELECTED_FLAG, UPDATE_STAFF_ID, INPUT_STAFF_ID, ACTIVE_FLAG, INPUT_DATE, UPDATE_DATE) 
    VALUES(1, 'S00103', 1, 'INIT', 'INIT', 1, CURRENT_TIMESTAMP, CURRENT_TIMESTAMP) ;
INSERT INTO t_role_authority(ROLE_ID, MENU_SEQ, SELECTED_FLAG, UPDATE_STAFF_ID, INPUT_STAFF_ID, ACTIVE_FLAG, INPUT_DATE, UPDATE_DATE) 
    VALUES(1, 'S00104', 1, 'INIT', 'INIT', 1, CURRENT_TIMESTAMP, CURRENT_TIMESTAMP) ;


INSERT INTO t_role_authority(ROLE_ID, MENU_SEQ, SELECTED_FLAG, UPDATE_STAFF_ID, INPUT_STAFF_ID, ACTIVE_FLAG, INPUT_DATE, UPDATE_DATE) 
    VALUES(1, 'M001', 1, 'INIT', 'INIT', 1, CURRENT_TIMESTAMP, CURRENT_TIMESTAMP) ;
INSERT INTO t_role_authority(ROLE_ID, MENU_SEQ, SELECTED_FLAG, UPDATE_STAFF_ID, INPUT_STAFF_ID, ACTIVE_FLAG, INPUT_DATE, UPDATE_DATE) 
    VALUES(1, 'M00101', 1, 'INIT', 'INIT', 1, CURRENT_TIMESTAMP, CURRENT_TIMESTAMP) ;
INSERT INTO t_role_authority(ROLE_ID, MENU_SEQ, SELECTED_FLAG, UPDATE_STAFF_ID, INPUT_STAFF_ID, ACTIVE_FLAG, INPUT_DATE, UPDATE_DATE) 
    VALUES(1, 'M00102', 1, 'INIT', 'INIT', 1, CURRENT_TIMESTAMP, CURRENT_TIMESTAMP) ;
INSERT INTO t_role_authority(ROLE_ID, MENU_SEQ, SELECTED_FLAG, UPDATE_STAFF_ID, INPUT_STAFF_ID, ACTIVE_FLAG, INPUT_DATE, UPDATE_DATE) 
    VALUES(1, 'M00103', 1, 'INIT', 'INIT', 1, CURRENT_TIMESTAMP, CURRENT_TIMESTAMP) ;


INSERT INTO t_role_authority(ROLE_ID, MENU_SEQ, SELECTED_FLAG, UPDATE_STAFF_ID, INPUT_STAFF_ID, ACTIVE_FLAG, INPUT_DATE, UPDATE_DATE) 
    VALUES(1, 'G001', 1, 'INIT', 'INIT', 1, CURRENT_TIMESTAMP, CURRENT_TIMESTAMP) ;
INSERT INTO t_role_authority(ROLE_ID, MENU_SEQ, SELECTED_FLAG, UPDATE_STAFF_ID, INPUT_STAFF_ID, ACTIVE_FLAG, INPUT_DATE, UPDATE_DATE) 
    VALUES(1, 'G00101', 1, 'INIT', 'INIT', 1, CURRENT_TIMESTAMP, CURRENT_TIMESTAMP) ;
INSERT INTO t_role_authority(ROLE_ID, MENU_SEQ, SELECTED_FLAG, UPDATE_STAFF_ID, INPUT_STAFF_ID, ACTIVE_FLAG, INPUT_DATE, UPDATE_DATE) 
    VALUES(1, 'G00102', 1, 'INIT', 'INIT', 1, CURRENT_TIMESTAMP, CURRENT_TIMESTAMP) ;
INSERT INTO t_role_authority(ROLE_ID, MENU_SEQ, SELECTED_FLAG, UPDATE_STAFF_ID, INPUT_STAFF_ID, ACTIVE_FLAG, INPUT_DATE, UPDATE_DATE) 
    VALUES(1, 'G00103', 1, 'INIT', 'INIT', 1, CURRENT_TIMESTAMP, CURRENT_TIMESTAMP) ;



--==--==

INSERT INTO t_role_authority(ROLE_ID, MENU_SEQ, SELECTED_FLAG, UPDATE_STAFF_ID, INPUT_STAFF_ID, ACTIVE_FLAG, INPUT_DATE, UPDATE_DATE) 
    VALUES(2, 'S001', 1, 'INIT', 'INIT', 1, CURRENT_TIMESTAMP, CURRENT_TIMESTAMP) ;
INSERT INTO t_role_authority(ROLE_ID, MENU_SEQ, SELECTED_FLAG, UPDATE_STAFF_ID, INPUT_STAFF_ID, ACTIVE_FLAG, INPUT_DATE, UPDATE_DATE) 
    VALUES(2, 'S00101', 1, 'INIT', 'INIT', 1, CURRENT_TIMESTAMP, CURRENT_TIMESTAMP) ;
INSERT INTO t_role_authority(ROLE_ID, MENU_SEQ, SELECTED_FLAG, UPDATE_STAFF_ID, INPUT_STAFF_ID, ACTIVE_FLAG, INPUT_DATE, UPDATE_DATE) 
    VALUES(2, 'S00102', 1, 'INIT', 'INIT', 1, CURRENT_TIMESTAMP, CURRENT_TIMESTAMP) ;
INSERT INTO t_role_authority(ROLE_ID, MENU_SEQ, SELECTED_FLAG, UPDATE_STAFF_ID, INPUT_STAFF_ID, ACTIVE_FLAG, INPUT_DATE, UPDATE_DATE) 
    VALUES(2, 'S00103', 1, 'INIT', 'INIT', 1, CURRENT_TIMESTAMP, CURRENT_TIMESTAMP) ;


INSERT INTO t_role_authority(ROLE_ID, MENU_SEQ, SELECTED_FLAG, UPDATE_STAFF_ID, INPUT_STAFF_ID, ACTIVE_FLAG, INPUT_DATE, UPDATE_DATE) 
    VALUES(2, 'G00103', 1, 'INIT', 'INIT', 1, CURRENT_TIMESTAMP, CURRENT_TIMESTAMP) ;





DROP TABLE IF EXISTS `t_soldier`;

CREATE TABLE `t_soldier` (
  `SOLDIER_ID` int(4) NOT NULL auto_increment,
  `SOLDIER_NAME` varchar(20) NOT NULL,
  `SOLDIER_POINT` decimal(10,0) NOT NULL,
  `INPUT_STAFF_ID` varchar(10) default NULL,
  `UPDATE_STAFF_ID` varchar(10) default NULL,
  `INPUT_DATE` timestamp NOT NULL default CURRENT_TIMESTAMP on update CURRENT_TIMESTAMP,
  `UPDATE_DATE` timestamp NOT NULL,
  `ACTIVE_FLAG` int(1) default '1',
  PRIMARY KEY  (`SOLDIER_ID`),
  UNIQUE KEY `SOLDIER_NAME` (`SOLDIER_NAME`)
) ENGINE=InnoDB DEFAULT CHARSET=gb2312;

#
# Data for the `t_food` table  (LIMIT 0,500)
#




SELECT * FROM t_soldier ;



INSERT INTO `t_soldier` (`SOLDIER_ID`, `SOLDIER_NAME`, `SOLDIER_POINT`, `UPDATE_STAFF_ID`, `INPUT_STAFF_ID`,`INPUT_DATE`, `UPDATE_DATE`, `ACTIVE_FLAG`) VALUES
  (1,'???',1, 'INIT', 'INIT',CURRENT_TIMESTAMP,CURRENT_TIMESTAMP,1),
  (2,'???',3, 'INIT', 'INIT',CURRENT_TIMESTAMP,CURRENT_TIMESTAMP,1),
  (3,'???',9, 'INIT', 'INIT',CURRENT_TIMESTAMP,CURRENT_TIMESTAMP,1),
  (4,'???',50, 'INIT', 'INIT',CURRENT_TIMESTAMP,CURRENT_TIMESTAMP,1);






SELECT * FROM t_source ;
SHOW CREATE TABLE t_source;
SELECT * FROM t_user ;

#
# Structure for the `t_source` table :
#

DROP TABLE IF EXISTS `t_soldier_source`;

CREATE TABLE `t_soldier_source` (
  `SOURCE_ID` int(10) NOT NULL auto_increment,
  `USER_NAME` varchar(30) NOT NULL,
  `SOURCE_SOLDIER_ID` int(10) NOT NULL,
  `SOURCE_SOLDIER_COUNT` int(10) NOT NULL default '0',
  `SOURCE_SOLDIER_SUM_POINT` decimal(10,2) NOT NULL default '0.00',
  `APPROVED`  int(1) NOT NULL,
  `SOURCE_DATE` varchar(8) NOT NULL,
  `INPUT_STAFF_ID` varchar(50) NOT NULL,
  `UPDATE_STAFF_ID` varchar(50) NOT NULL,
  `INPUT_DATE` timestamp NOT NULL default CURRENT_TIMESTAMP on update CURRENT_TIMESTAMP,
  `UPDATE_DATE` timestamp NOT NULL,
  `ACTIVE_FLAG` int(1) NOT NULL,
  PRIMARY KEY  (`SOURCE_ID`)
) ENGINE=InnoDB DEFAULT CHARSET=gb2312;











