<?xml version = "1.0" encoding = "UTF-8"?>

<!DOCTYPE FpML PUBLIC "-//FpML//DTD Financial product Markup Language 2-0//EN" "wd-fpml-dtd-main-3-0-2002-04-17.dtd" >

<FpML version = "3-0" 
	currencySchemeDefault = "http://www.fpml.org/ext/iso4217"
	partyIdSchemeDefault = "http://www.fpml.org/ext/reuters-dealer-codes"
	productTypeSchemeDefault = "http://www.fpml.org/spec/2001/product-type-1-0"
	quoteBasisSchemeDefault = "http://www.fpml.org/spec/2001/quote-basis-1-0"
	standardSettlementStyleSchemeDefault = "http://www.fpml.org/spec/2001/standard-settlement-style-scheme-1-0"
>
	<trade>
		<tradeHeader>
			<partyTradeIdentifier>
				<partyReference href = ""/>
				<tradeId tradeIdScheme = "http://www.db.com/fx/trade-id"></tradeId>
			</partyTradeIdentifier>
			<tradeDate></tradeDate>
		</tradeHeader>
		<fxSwap>
			<productType>FXSWAP</productType>
			<fxSingleLeg>
				<exchangedCurrency1>
					<payerPartyReference href = ""/>
					<receiverPartyReference href = ""/>
					<paymentAmount>
						<currency></currency>
						<amount></amount>
					</paymentAmount>
					<settlementInformation>
						<standardSettlementStyle></standardSettlementStyle>
					</settlementInformation>
				</exchangedCurrency1>
				<exchangedCurrency2>
					<payerPartyReference href = ""/>
					<receiverPartyReference href = ""/>
					<paymentAmount>
						<currency></currency>
						<amount></amount>
					</paymentAmount>
					<settlementInformation>
						<standardSettlementStyle></standardSettlementStyle>
					</settlementInformation>
				</exchangedCurrency2>
				<valueDate></valueDate>
				<exchangeRate>
					<quotedCurrencyPair>
						<currency1></currency1>
						<currency2></currency2>
						<quoteBasis>CURRENCY2PERCURRENCY1</quoteBasis>
					</quotedCurrencyPair>
					<rate></rate>
				</exchangeRate>
			</fxSingleLeg>
			<fxSingleLeg>
				<exchangedCurrency1>
					<payerPartyReference href = ""/>
					<receiverPartyReference href = ""/>
					<paymentAmount>
						<currency></currency>
						<amount></amount>
					</paymentAmount>
					<settlementInformation>
						<standardSettlementStyle></standardSettlementStyle>
					</settlementInformation>
				</exchangedCurrency1>
				<exchangedCurrency2>
					<payerPartyReference href = ""/>
					<receiverPartyReference href = ""/>
					<paymentAmount>
						<currency></currency>
						<amount></amount>
					</paymentAmount>
					<settlementInformation>
						<standardSettlementStyle></standardSettlementStyle>
					</settlementInformation>
				</exchangedCurrency2>
				<valueDate></valueDate>
				<exchangeRate>
					<quotedCurrencyPair>
						<currency1></currency1>
						<currency2></currency2>
						<quoteBasis>CURRENCY2PERCURRENCY1</quoteBasis>
					</quotedCurrencyPair>
					<rate></rate>
				</exchangeRate>
			</fxSingleLeg>
		</fxSwap>
	</trade>
	<party id = "id"> 
		<partyId></partyId>  
	</party>
</FpML>